balanced_accuracy	precision	recall	f1	roc_auc	time
0.7952856916117769	0.7909055272442179	0.8005713832235537	0.7957091023820793	0.795285691611777	105.624
