balanced_accuracy	precision	recall	f1	roc_auc
0.6650726045480585	0.6414872798434442	0.7484204670934104	0.6908403966709072	0.6650726045480584
