balanced_accuracy	precision	recall	f1	roc_auc	time
0.8865384615384615	0.8571428571428571	0.9230769230769231	0.888888888888889	0.8865384615384615	12.405
