balanced_accuracy	precision	recall	f1	roc_auc	time
0.9258373205741627	0.9029126213592233	0.9393939393939394	0.9207920792079209	0.9258373205741626	11.655
